ortalama_guven_skoru,alici_adres,alici_email,alici_firma_unvani,alici_tckn,alici_telefon,ettn,fatura_numarasi,fatura_tarihi,fatura_tipi,genel_toplam,kalemler,mal_hizmet_toplam,odeme_sekli,satici_email,satici_firma_unvani,satici_mersis_no,satici_telefon,satici_ticaret_sicil,satici_vergi_dairesi,satici_vergi_numarasi,siparis_no
71.71%,,,,11111111111,,608b81dd-6264-4d37-a1ca-8d44ab1f0a79,BFG2025000173284,03-06-2025,,"1.664,90",[],,,,,,,,TORBALI,,2H4570665920HS352585535
79.17%,,,,11111111111,,e063d67a-5ae9-4579-89e0-3694165f89ca,FEA2023005392315,12-12-2023,SATIS,"469,98","[{'iskonto': 'Tutarı', 'kdv_orani': 'Oranı Tutarı', 'aciklama': 'K odu', 'birim_fiyat': 'Fiyat'}, {'aciklama': '| Travel Soft 1/101439224001 TRV2443.Z3PR', 'birim_fiyat': '36 1 TRY|', 'iskonto': '100,00 TRY| 390,90', 'kdv_orani': 'TRY| %10,00} 39,09 TRY', 'birim_fiyat_num': 361.0}]",,,,Sayfa ma MAĞAZACILIK AK FLO VE PAZARLAMA A.Ş.,0388023942900019,+90 212 446 22 88,460233,KURUMLAR MARMARA a Vergi Kimlik Numarası,,
78.51%,,,,11111111111,,349c324c-6ca6-446c-b191-2329cbdaaf82,FEA2023005705750,27-12-2023,SATIS,"636,35","[{'aciklama': 'Hizmet Mal', 'kdv_orani': 'Hizmet Oranı', 'birim_fiyat': 'Adı Tutarı'}, {'birim_fiyat': 'Fiyat', 'aciklama': 'Kodu', 'kdv_orani': 'Tutarı'}, {'aciklama': '|Polaris Siyah Erkek Klasik 1/101467099001 357347.M3PR', 'birim_fiyat': '1Çift|636,35 Bot 40 TRY| 79,55 TRY|', 'kdv_orani': '564,04 TRY| %10,00) 56,40 TRY'}]",,,,Sayfa ma MAĞAZACILIK AK FLO VE PAZARLAMA A.Ş.,,+90 212 446 22 88,,,,
77.43%,,,,11111111111,,8303805c-97d9-442b-8862-7b18f795d9ba,FEA2025001232610,30-04-2025,SATIS,"9610,00","[{'aciklama': '1/101988847001|Reebok HAMPSTED', 'birim_fiyat': 'Çift|2.090,90 40 1', 'kdv_orani': '9610,00| TRY| 104,54 TRY', 'iskonto': '1.150,00 TRY| 1.045,45', 'birim_fiyat_num': 2090.90401}]",,,,MAĞAZACILIK AN FLO VE A.Ş. PAZARLAMA,,,,,,
77.92%,,,,11111111111,,ef3118af-a837-4346-9727-2e2ab8a1a68c,FEA2023004790826,19-11-2023,SATIS,"374,99","[{'iskonto': 'Tutarı', 'kdv_orani': 'Oranı Tutarı', 'birim_fiyat': 'N Fiyat', 'aciklama': 'K odu'}, {'aciklama': 'Siyah 1/101281348001 MOMENT TF 3FX', 'birim_fiyat': '40 1 TRY|', 'iskonto': '137,50 TRY| 374,99', 'kdv_orani': 'TRY| 37,50 TRY', 'birim_fiyat_num': 401.0}]",,,,Sayfa ma MAĞAZACILIK AK FLO VE PAZARLAMA A.Ş.,,+90 212 446 22 88,,,,
78.09%,,,,11111111111,,5f2b14f7-5b35-427f-8ba1-04757cd1dacc,FEA2024002264941,06-06-2024,SATIS,"457,98","[{'aciklama': 'Hizmet Mal', 'kdv_orani': 'Hizmet Oranı', 'birim_fiyat': 'Adı Tutarı'}, {'birim_fiyat': 'Fiyat', 'aciklama': 'Kodu', 'kdv_orani': 'Tutarı'}, {'aciklama': '|Polaris Kadın Comfort 1/101644641001 164343.Z4FX Bronz', 'birim_fiyat': 'Sandalet Çift|436,35 36 1 TRY| 72,00 TRY|', 'kdv_orani': '370,90 TRY| 37,09 TRY'}]",,,,Sayfa ma MAĞAZACILIK AK FLO VE PAZARLAMA A.Ş.,,,,,,
77.86%,,,,11111111111,,a5a720a6-cc42-4362-a675-d067b4f41180,FEA2025001157280,24-04-2025,SATIS,"1.899,98","[{'birim_fiyat': 'Sneaker 40 1 TRY|', 'aciklama': '1]101812484001/U.S. POLO ASSN. SANTA', 'iskonto': '226,09 976,27', 'kdv_orani': 'TRY| 97,63 TRY', 'birim_fiyat_num': 401.0}]",,,,İNİSTREET MAĞAZACILIK AN FLO VE A.Ş. PAZARLAMA,,,,,,
80.67%,,,,11111111111,5377339964,,&752022000008073,28-12-2022,EARSIV Toplam Iskonto,"199,00","[{'kdv_orani': '(| 30,36', 'aciklama': 'İçi C100 Kulak Kulaklık Siyah', 'birim_fiyat': '199,00 TRY', 'tutar': '0,00 TRY)', 'birim_fiyat_num': 199.0, 'tutar_num': 0.0}]","199,00",,,,,5377339964,,D,,2022305234296
85.93%,,cagaptay09@gmail.com,Çağaptay e,11111211111,+905526507994,facd674b-468b-4b88-226c-629228812e17,TYS2023010677054,24.04.2023,SATIS,"212,97","[{'aciklama': '| Bedeli TASIMABEDELİ Taşıma', 'miktar': '16,94', 'tutar': '16,94', 'miktar_num': 16.94, 'tutar_num': 16.94}, {'miktar': 'Örme Paça 113,87', 'aciklama': 'Siyah Lastikli Cep Detayh 8683047463384', 'tutar': '113,87', 'miktar_num': 113.87, 'tutar_num': 113.87}, {'aciklama': '| Örme Basic 8682582492576 Yaka', 'miktar': '64,80 T-Shirt', 'tutar': '64,80', 'miktar_num': 64.8, 'tutar_num': 64.8}]",,,,Danışmanlık Ticaret DSM Grup Satış A.Ş.,0313055766900016,,711896,MASLAK Fatura No,3130557669,
70.81%,,,,,,5D5337B3-19D5-1EDD-B7CA-1CE168725B20,A302023001485400,17-04-2023,,,"[{'aciklama': 'Ps |', 'birim_fiyat': 'Kenz | 00 | ae)', 'birim_fiyat_num': 0.0}, {'aciklama': 'İade mağazalara değişim koşulları çerçevesinde, iade ve', 'birim_fiyat': 'ulaştığı edilmemektedir, günden itibaren siparişinizin size', 'kdv_orani': 'içerisinde ürünlerinizi, 14 gün'}, {'aciklama': 'edenkargo "" Akse mahallesi 552.sokak teslim ile no', 'birim_fiyat': '"" adresine faturası ile birlikte gönderebilirsiniz.'}]",,Şekli E-Ticaret,,Mağazacılık Yeni A.Ş.,,0850 822 9900,,SER,,
60.55%,,,,11111111111,,48B717A4-331A-4A5A-B755-332C7F9FE675,DRX2023000001147,28-08-2023,SATIS BAŞHARIK MAH,"109,00",[],,bilgilerimiz GARANTİ BANKA,,oF İth. İhr. ir Denizcan Kozmetik Ltd.,,,,,,2211386818-
74.02%,BATTALGAZİ MALATYA Belge No,muhasebe@egeteknoloji.com,,14111111111,02164496778,BC2CE324-649F-4072-99E1-884A14535E83,İEGA2023000088149,27-08-2023,,"685,10",[],,ADI ŞUBE IBAN NO GARANTİ BANKA,,EGE TEKNOLOJİ KİMYA MAK.SAN.TIC.LTD.,0325036254300014,,,KADIKOY VERGI DAIRESI MD,3250362543,
71.07%,,,,36445648460,535 391 74 91,1234b363-c237-4351-912e-203778cf9102,İHNP2024000000388,03-12-2024,,"234,00",[],,,hanporium@gmail.com,,,535 391 74 91,7461208598,BEYKOZ ANN are Pas TCKN,,992226596
63.34%,,,,47050556620,,5c565ca6-b216-4c4a-b004-75cfacc23500,5c565ca6-b2,04-03-2024,,"319,90","[{'aciklama': 'Edt ml+ Deodorant ml Klasik 90 150 Set', 'birim_fiyat': '266,583333T', 'tutar': '266,58TL| 53,321', 'birim_fiyat_num': 266.583333}]",,,,Ti eth sat Nazan a TICARET,,,120449,mithatpasa,,207753478434
78.78%,,info@daynesaglik.com,Gokhan Çağaptay Gokhan Çağaptay bek,,08508408400,,İDYN2023000195589,28-08-2023,,"637,50",[],,,,Mı is Sağlık Ürünleri . Ltd.,,08508408400 08508408400,,,,TY0725295
77.57%,,,,11111111111,905526507994,Daf0af54-df65-4447-a764-f9d1509a0788,FEA2024003714883,21-10-2024,,"969,98","[{'iskonto': 'Tutarı', 'kdv_orani': 'Oranı Tutarı', 'birim_fiyat': 'N Fiyat', 'aciklama': 'Kodu'}, {'aciklama': '|Kinetix 1/101899925002 BECK TF 4PR Beyaz', 'birim_fiyat': '41 1 TRY|', 'iskonto': '436,05 TRY| 512,67', 'kdv_orani': 'TRY| 9010,00| 51,27 TRY', 'birim_fiyat_num': 411.0}]",,,,Sayfa ma MAĞAZACILIK AK FLO VE PAZARLAMA A.Ş.,,,,,,
78.72%,,,,11111111111,,dcee131c-e9ec-4d85-82ae-e143d155d1f9,FEA2023005719719,28-12-2023,SATIS,"159,53","[{'birim_fiyat': 'Miktar Adı', 'aciklama': 'Hizmet Mal', 'kdv_orani': 'Hizmet'}, {'birim_fiyat': 'Tutarı N Fiyat', 'kdv_orani': 'Oranı Tutarı', 'aciklama': 'K odu'}, {'aciklama': '|Kinetix Siyah Erkek 1/101367236004 BL LARK -3FX Kemer 90', 'birim_fiyat': 'Adet(81,81 1 TRY| 10,22 TRY)', 'kdv_orani': '72,52 TRY| 9010,00| 7,25 TRY'}]",,,,Sayfa ma MAĞAZACILIK AK FLO VE PAZARLAMA A.Ş.,,,,,,
79.23%,,,,11111111111,,09547582-2d9b-4c23-b8e3-75386e7c77fd,FEA2024003694999,18-10-2024,SATIS,"1.359,82","[{'birim_fiyat': 'Fiyat', 'aciklama': 'Kodu', 'kdv_orani': 'Tutarı'}, {'aciklama': '| Lumberjack 1/101698710001 BS PREMIUM', 'birim_fiyat': 'Adet|1.045,45 Laptop Çantası STD| 1 TRY|', 'iskonto': '248,65 TRY) 819,40', 'kdv_orani': 'TRY| 81,94 TRY', 'birim_fiyat_num': 1045.451}]",,,,Sayfa ma MAĞAZACILIK AK FLO VE PAZARLAMA A.Ş.,,+90 212 446 22 88,,KURUMLAR MARMARA,,
50.35%,,,,64474380938,,779d9791-4597-4f67-9d6e-cdd69ec3c9ef,,17-09-2023,,"620,00","[{'kdv_orani': 'Oranı Nedeni', 'birim_fiyat': 'Oranı', 'aciklama': 'Tutarı'}, {'aciklama': '748.50 ‘TL', 'kdv_orani': 'o 0,00 TL 620,00', 'birim_fiyat': '“00,00 Adet O 1 748,5 TL', 'tutar': '149,70 TL', 'tutar_num': 149.7}, {'kdv_orani': 'CO', 'aciklama': '|', 'birim_fiyat': 'İİİ'}, {'aciklama': '|', 'birim_fiyat': 'İİİ'}, {'birim_fiyat': 'ELK/AppData/Local/Temp/Temp1 779d9791-4597-4f67-9d6e-cdd69ec3c9ef', 'aciklama': '1/1', 'birim_fiyat_num': 1.7799791459746798e+20}]",,,,,,5369510726,,SEYHAN VERGİ DAİRESİ MUD,,
71.71%,,,,50878791296,,B546CF1A-3F4D-4B31-A519-C091E220F7E4,TYF2023000081024,03-10-2023,İsarıs Başharık Mah,"380,85",[],,,canasilioglu@grail.com,,,,0920431683,M,,
73.24%,,,,11111111111,,3c7dc046-dc81-45e3-a62a-eb8a6874cda9,3c7dc046-dc81-45e3-a62a-e,16-09-2024,,"500,00","[{'kdv_orani': '(|', 'aciklama': '| Butter HERBAL SCIENCE Saç Boom', 'tutar': 'O'}, {'aciklama': 'FP.03.04.009.001 1)', 'tutar': '104,17TL| 416,68TLİ', 'kdv_orani': '83,33TL'}]",,,,barat ON PRS KOZMETİK SAN. TİC. LTD.,,,,,,
